expression,min,median,itr/sec,mem_alloc,gc/sec,n_itr,n_gc,total_time,result,memory,time,gc,speedup_vs_survival,speedup_vs_coxgpls
survival, 93ms,103.4ms,9.67377451369759, 74.8MB,8.512921572053878,25,22, 2.58s,,,,,1,1.0430929034142002
coxgpls, 95ms,107.9ms,6.790294306650688,148.3MB,14.123812157833433,25,52, 3.68s,,,,,0.9586873774395832,1
big_pls_cox, 46.4ms, 48.4ms,19.41291591684361, 34.1MB,8.541683003411187,25,11, 1.29s,,,,,2.135094399200241,2.2271018159251765
big_pls_cox_gd,458.3ms,475.1ms,2.0886551891575555, 26.8MB,0.7519158680967201,25,9,11.97s,,,,,0.2177334541478109,0.22711622085744268
