expression,min,median,itr/sec,mem_alloc,gc/sec,n_itr,n_gc,total_time,result,memory,time,gc,speedup_vs_survival,speedup_vs_coxgpls
survival, 95.4ms,102.8ms,9.608599861492134, 74.8MB,9.99294385595182,25,26,2.6s,,,,,1,0.927040420447352
coxgpls, 82.9ms, 95.3ms,7.649697626740549,251.6MB,12.851492012924123,25,42,3.27s,,,,,1.0787016163949363,1
big_pls_cox, 49.2ms, 51.5ms,18.42160653730761, 34.1MB,7.368642614923044,25,10,1.36s,,,,,1.9985251858555446,1.8527136285701464
big_pls_cox_gd,143.5ms,153.8ms,6.066127756932936, 62.5MB,4.367611984991713,25,18,4.12s,,,,,0.668465290020479,0.619694343515046
