expression,min,median,itr/sec,mem_alloc,gc/sec,n_itr,n_gc,total_time,result,memory,time,gc,speedup_vs_survival,speedup_vs_coxgpls
survival, 96.2ms,100.6ms,8.009109784042256, 77MB,21.464414221233245,25,67, 3.12s,,,,,1,0.9791375403539789
coxgpls, 80.9ms, 98.5ms,7.582846669257211,182.7MB,28.208189609636825,25,93, 3.3s,,,,,1.0213069755639017,1
big_pls_cox, 46.2ms, 49.7ms,20.091542632155544, 34.3MB,14.465910695151994,25,18, 1.24s,,,,,2.0226110840017384,1.980414441882157
big_pls_cox_gd,442.7ms,450.4ms,2.141158849713923, 26.9MB,0.9421098938741261,25,11,11.68s,,,,,0.22340549686077335,0.21874470869781618
